<?xml version="1.0" encoding="UTF-8" standalone="no"?>
<!DOCTYPE properties SYSTEM "http://java.sun.com/dtd/properties.dtd">
<properties>
    <comment>KhanzaHMS</comment>
    <entry key="HOST">10.50.150.96</entry>
    <entry key="DATABASE">db_rsukramatjati_production</entry>
    <entry key="PORT">3306</entry>
    <entry key="USER">DbRsKji</entry>
    <entry key="PAS">kji**</entry>
    <entry key="URLSERVERUPDATE">10.50.150.96/webapps/serverupdate</entry>
    <entry key="AUTOUPDATESISTEM">aktif</entry>
    <entry key="CARICEPAT">nonaktif</entry>
    <entry key="HYBRIDWEB">webapps</entry>
    <entry key="ANTRIAN">sender</entry>
    <entry key="MENUTRANSPARAN">no</entry>
    <entry key="URLAPIBPJS">http://10.50.150.20:9090/WsLokalRest_2.1</entry>
    <entry key="SECRETKEYAPIBPJS">8cG0606137</entry>
    <entry key="CONSIDAPIBPJS">12151</entry>
    <entry key="URLAPIAPLICARE">http://api.bpjs-kesehatan.go.id/aplicaresws</entry>
    <entry key="SECRETKEYAPIAPLICARE">12151</entry>
    <entry key="CONSIDAPIAPLICARE">8cG0606137</entry>
    <entry key="KAMARAKTIFRANAP"></entry>
    <entry key="DOKTERAKTIFKASIRRALAN"></entry>
    <entry key="POLIAKTIFKASIRRALAN"></entry>
    <entry key="JADWALDOKTERDIREGISTRASI">no</entry>
    <entry key="IPPRINTERTRACER">10.50.150.57/label2</entry>
</properties>